Name,Value,Units,Notes
k_cell_clear,0.1,1/day,"Rate of dead cell clearance from tumour compartment (estimated)"
cell,1,cell,"unit parameter for calculation"
day,1,day,"unit parameter for calculation"
vol_cell,1288.24933751266,micrometer^3/cell,"Average volume of cancer cell Volume of a cancer cell calculated based on cancer cell diameter (Abramczyk 2015, PMID: 25730442)"
vol_Tcell,175.015709799539,micrometer^3/cell,"Average volume of T cells Volume of a T cell calculated based on the average T cell diameter (Chapman 1981, PMID: 6975780)"
Ve_T,1,dimensionless,"Intracellular fraction of the tumor (Finley 2012, PMID: 22547351)"
C_total,4138592193.29205,cell,"Total number of cancer cells"
T_total,557040453.144723,cell,"Total number of activated T cells in tumor"
T_total_LN,72302420.3896734,cell,"Total number of activated T cells in TDLNs"
R_Tcell,735570.932717044,cell/day,"Rate of cancer cell death"
Tregs_,454377817.425829,cell,"Total number of activated T cells in TDLNs"
H_APC,0.732117094543368,dimensionless,"Hill function of mAPC for self-antigen-specific Treg activation"
H_mAPC,0.0128769190825326,dimensionless,"Hill function of mAPC for CD8 T cell activation"
H_APCh,0.971335432553279,dimensionless,"Hill function of mAPC for neoantigen-specific helper T cell activation"
H_PD1_C1,0.585515105253602,dimensionless,"Hill function of PDL1 on chemotherapy-sensitive tumor cells for T cell exhaustion"
H_PD1_APC,0.5880474389069,dimensionless,"Hill function of PDL1 on APC for T cell exhaustion"
H_CD28_C1,0.970666738425713,dimensionless,"Hill function of CD28 on tumor cells"
H_CD28_APC,0.955988470587492,dimensionless,"Hill function of CD28 on APCs for T cell activation"
k_C1_growth,0.0066,1/day,"Cancer growth rate: (Ryu 2014, PMID: 24895040; Desai 2006, PMID: 16489089)"
k_C1_death,0.0001,1/day,"Cancer death rate: (Palsson 2013, PMID: 24074340)"
C_max,490533430108.462,cell,"Carrying capacity: (Desai 2006, PMID: 16489089)"
k_C1_therapy,0,1/day,"Therapy-induced death rate"
initial_tumour_diameter,2.23,centimeter,"Pre-treatment tumor diameter"
k_K_g,7.37,1/day,""
k_K_d,8e-05,1/day,""
k_vas_Csec,0.00011,picogram/cell/day,""
k_vas_deg,16.6,1/day,""
c_vas_50,2410,picogram/milliliter,""
div_Treg,1160000,dimensionless,"T Cell Diversity (Robins 2009, PMID: 19706884)"
n_Treg_clones,63,dimensionless,"Number of self-antigen-specific T cell clones (estimated)"
q_nTreg_LN_in,0.1,1/day,"Rate of naive T cell transport into the LN  calculated based on the steady-state naive T cell level in healthy individuals (Autissier 2010, PMID: 20099249)"
q_Treg_LN_out,24,1/day,"Rate of activated T cell transport out of the LN (De Boer and Perelson 1995, PMID: 7475092)"
q_nTreg_LN_out,2.88,1/day,"Rate of naive T cell transport out of the LN (Mandl 2012, PMID: 23071319)"
k_Treg_act,5,1/day,"Treg activation rate (De Boer and Perelson 1995, PMID: 7475092; Robertson-Tessi 2012, PMID: 22051568)"
k_CD4_pro,1,1/day,"Treg proliferation rate (Marchingo 2014, PMID: 25430770)"
k_CD4_death,0.01,1/day,"Treg death rate (De Boer and Perelson 1995, PMID: 7475092)"
q_Treg_P_in,2.436,1/minute,"rate of Treg transport into the peripheral compartment calculated based on T cell transmigration rate (Zhu 1996, PMID: 8706023) and T cell adhesion density (Zhu 1996, PMID: 8706023)"
q_Treg_P_out,24,1/day,"rate of Treg transport out of the peripheral compartment (De Boer and Perelson 1995, PMID: 7475092)"
q_Treg_T_in,0.0001305,1/(centimeter^3*minute),"rate of Treg transport into the tumor compartment calculated based on T cell transmigration rate (Zhu 1996, PMID: 8706023) and T cell adhesion density (Zhu 1996, PMID: 8706023)"
q_nTreg_P_in,0.1764,1/minute,"rate of nTreg transport into the peripheral compartment calculated based on T cell transmigration rate (Zhu 1996, PMID: 8706023) and T cell adhesion density (Zhu 1996, PMID: 8706023)"
q_nTreg_P_out,5.1,1/day,"rate of nTreg transport out of the peripheral compartment  calculated based on steady-state naive T cell density in healthy individuals (Autissier 2010, PMID: 20099249)"
Q_nTreg_thym,70000000,cell/day,"Thymic output of nTreg (Bains 2009, PMID: 19179300; Yeh 2017, PMID: 28912973)"
k_nTreg_pro,320000000,cell/day,"rate of nTreg proliferation (Braber 2012, PMID: 22365666)"
K_nTreg_pro,1000000000,cell,"half-maximal peripheral proliferation of of nTreg (Braber 2012, PMID: 22365666)"
k_nTreg_death,0.003,1/day,"rate of nTreg death (Braber 2012, PMID: 22365666)"
k_IL2_deg,1,1/day,"rate of IL2 degradation (Lotze 1985, PMID: 3871099)"
k_IL2_cons,1e-07,nanomole/cell/day,"rate of IL2 consumption by T cells (Lotze 1985, PMID: 3871099)"
k_IL2_sec,0.0001,nanomole/cell/day,"rate of IL2 secretion from T cells (Han 2012, PMID: 22160692; Thurley 2015, PMID: 25923703; Liu 2001)"
IL2_50,0.1,nanomolarity,"T cell activation half-maximal IL2 concentration (Marchingo 2014, PMID: 25430770)"
IL2_50_Treg,0.1,nanomolarity,"Treg activation half-maximal IL2 concentration (Wang and Smith 1987, PMID: 3116143)"
w_IL2_CD8,0.3,dimensionless,"Relative fraction of IL2 that mature CD8+ T cells consume IL-2 consumption weight for CD8 cells (CD8 << Treg)"
w_IL2_Treg,1,dimensionless,"Relative fraction of IL2 that Tregs consume IL-2 consumption weight for Treg cells (Treg dominant)"
N0,2,dimensionless,"numer of activated T cell generation by TCR signaling only(Marchingo 2014, PMID: 25430770)"
N_costim,3,dimensionless,"numer of activated T cell generation by co-stimulatory signaling only (Marchingo 2014, PMID: 25430770)"
N_IL2_CD8,11,dimensionless,"maximum number of activated T cell generations due to IL2 (Marchingo 2014, PMID: 25430770)"
N_IL2_CD4,8.5,dimensionless,"maximum number of activated T cell generations due to IL2 (Marchingo 2014, PMID: 25430770)"
k_Treg,0.1,1/day,"Rate of T cell death by Tregs (estimated)"
H_P0,0.44781356416874,dimensionless,"Hill function of tumor antigenP0"
N_aT,15.2998019266752,dimensionless,"Number of Activated CD8+ T Cell Generations"
N_aT0,12.9289299914678,dimensionless,"Number of Activated Treg Generations"
div_CD8,3000,dimensionless,"T Cell Diversity (Robins 2009, PMID: 19706884)"
n_CD8_clones,5,dimensionless,"Number of tumor-specific T cell clones (Morisaki 2021 PMID: 34193879; Narang 2019, PMID: 30832597)"
q_nCD8_LN_in,0.05,1/day,"Rate of naive T cell transport into the LN  calculated based on the steady-state naive T cell level in healthy individuals (Autissier 2010, PMID: 20099249)"
q_CD8_LN_out,1,1/day,"Rate of activated T cell transport out of the LN (De Boer and Perelson 1995, PMID: 7475092)"
q_nCD8_LN_out,1.6,1/day,"Rate of naive T cell transport out of the LN (Mandl 2012, PMID: 23071319)"
k_CD8_act,1,1/day,"CD8 activation rate (De Boer and Perelson 1995, PMID: 7475092; Robertson-Tessi 2012, PMID: 22051568)"
k_CD8_pro,2,1/day,"CD8 proliferation rate (Marchingo 2014, PMID: 25430770)"
k_CD8_death,0.01,1/day,"CD8 death rate (De Boer and Perelson 1995, PMID: 7475092)"
q_CD8_P_in,1,1/day,"rate of CD8 transport into the peripheral compartment calculated based on T cell transmigration rate (Zhu 1996, PMID: 8706023) and T cell adhesion density (Zhu 1996, PMID: 8706023)"
q_CD8_P_out,1,1/day,"rate of CD8 transport out of the peripheral compartment (De Boer and Perelson 1995, PMID: 7475092)"
q_CD8_T_in,1e-07,1/(centimeter^3*day),"rate of CD8 transport into the tumor compartment calculated based on T cell transmigration rate (Zhu 1996, PMID: 8706023) and T cell adhesion density (Zhu 1996, PMID: 8706023)"
q_nCD8_P_in,0.033,1/minute,"rate of nCD8 transport into the peripheral compartment calculated based on T cell transmigration rate (Zhu 1996, PMID: 8706023) and T cell adhesion density (Zhu 1996, PMID: 8706023)"
q_nCD8_P_out,1,1/day,"rate of nCD8 transport out of the peripheral compartment  calculated based on steady-state naive T cell density in healthy individuals (Autissier 2010, PMID: 20099249)"
Q_nCD8_thym,1000000,cell/day,"Thymic output of nCD8 (Bains 2009, PMID: 19179300; Ye 2002, PMID: 11994448)"
k_nCD8_pro,320000000,cell/day,"rate of nCD8 proliferation (Braber 2012, PMID: 22365666)"
K_nCD8_pro,1000000000,cell,"half-maximal peripheral proliferation of of nCD8 (Braber 2012, PMID: 22365666)"
k_nCD8_death,0.003,1/day,"rate of nCD8 death (Braber 2012, PMID: 22365666)"
k_CD8,0.1,1/day,"Rate of T cell exhaustion by cancer cells (estimated)"
k_C_CD8,0.9,1/day,"Rate of cancer cell death by T cells (Robertson-Tessi 2012, PMID: 22051568)"
k_Tcell_ECM,0.1,1/day,"Rate of T cell exhaustion by ECM(Fitted to Ma 2022 single cell data Texh fraction of all CD8+ T cell)"
H_ECM_T_mot,0.253005652235026,dimensionless,"Hill function for reduced cancer killing due to decreased T cell motility "
H_ECM_T_exh,0.144823394854545,dimensionless,"Hill function for ECM mediated T cell exhaustion"
k_IFNg_Tsec,1e-08,nanomole/cell/day,"rate of IFNg secretion from CD8 T cells (Autenshlyus 2021, PMID: 34059727; Borj 2017, doi:10.15171/ijbms.2017.05)"
H_P1,0.977434247453636,dimensionless,"Hill function of tumor antigen P1"
K_T_C,1.2,dimensionless,"Dependence of Teff killing rate on Teff/C ratio (Robertson-Tessi 2012, PMID: 22051568)"
K_T_Treg,11,dimensionless,"Dependence of Teff killing rate on Teff/Treg ratio (Robertson-Tessi 2012, PMID: 22051568)"
k_APC_mat,1,1/day,"Maximum rate of APC maturation (Chen 2014, PMID: 25184733)"
k_APC_mig,0.2,1/day,"Rate of APC migration (Russo Halin 2016, PMID: 26876174)"
k_APC_death,0.3,1/day,"Rate of APC death (Marino and Kirschner 2004, PMID: 15038983)"
k_mAPC_death,0.7,1/day,"Rate of mAPC death(Marino and Kirschner 2004, PMID: 15038983)"
APC0_T,1000,cell/milliliter,"Steady state density of CD103+ APCs in the tumor, calculated to fit basal APC equal to 26000/cm^3 from (Lavin 2017, PMID: 28475900)"
APC0_LN,120000,cell/milliliter,"Steady state density of all APC subtypes in the LN (Catron 2004, PMID: 15357945)- divided by 10 to only take CD103+ based on (Lavin 2017, PMID: 28475900)"
n_sites_APC,5,dimensionless,"Maxium number of T Cells an APC can interact with (De Boer and Perelson 1995, PMID: 7475092)"
kin,14.4,1/day,"Rate of MHC internalization (Chen 2014, PMID: 25184733)"
kout,28.8,1/day,"Rate of MHC externalization (Chen 2014, PMID: 25184733)"
k_P0_up,14.4,1/day/cell,"Rate of antigen uptake by APCs (Chen 2014, PMID: 25184733)"
k_xP0_deg,2,1/day,"Rate of extracellular antigen degradation (Palsson 2013, PMID: 24074340)"
k_P0_deg,17.28,1/day,"Rate of endosomal antigen degradation (Chen 2014, PMID: 25184733)"
k_p0_deg,144,1/day,"Rate of endosomal epitope degradation (Chen 2014, PMID: 25184733)"
k_P0_on,144000,1/day/molarity,"Rate of antigen-MHC binding (Agrawal and Linderman 1996, PMID: 8944895)"
k_P0_d1,1e-07,molarity,"Antigen-MHC kd (Stone 2015, PMID: 25618219)"
p0_50,2.64550264550265e-05,molecule/micrometer^2,"calculated based on the number of molecules for half-maximal T cell activation (Kimachi 1997, PMID: 9464819) and synapse surface area"
P0_C1,5.4e-13,mole/cell,"Concentration of P0 in C1 (estimated by 2.7e6 proteins/um^3 in a cancer cell (Milo 2013, PMID: 24114984) * cancer cell volume / Avogadro constant)"
A_syn,37.8,micrometer^2,"Surface area of the synapse (Jansson 2005, PMID: 16034096)"
A_Tcell,151.310411930437,micrometer^2,"Surface area of the T cell calculated based on the average T cell diameter (Chapman 1981, PMID: 6975780)"
A_cell,572.55526111674,micrometer^2,"Surface area of the Cancer cell calculated based on the average cancer cell diameter (Abramczyk 2015, PMID: 25730442)"
A_APC,900,micrometer^2,"Surface area of the APC (Agrawal and Linderman 1996, PMID: 8944895)"
k_M1p0_TCR_on,1,1/(second*molecule/micrometer^2),"Rate of TCR binding to MHC-peptide complex (Lever 2014, PMID: 25145757)"
k_M1p0_TCR_off,1,1/second,"Rate of TCR unbinding from MHC-peptide complex (Lever 2014, PMID: 25145757)"
k_M1p0_TCR_p,1,1/second,"Rate of MHC-peptide-TCR complex modification (Lever 2014, PMID: 25145757)"
phi_M1p0_TCR,0.09,1/second,"Rate of MHC-peptide-TCR complex with maximal modification that leads to non-signaling(Lever 2014, PMID: 25145757)"
N_M1p0_TCR,10,dimensionless,"Number of modifcation steps for MHC-peptide-TCR complex (Lever 2014, PMID: 25145757)"
TCR_p0_tot,103.813080670361,molecule/micrometer^2,"Total number of TCR molecules per naive T cell calculated based on the number of molecules for TCR (Lever 2014, PMID: 25145757) and T cell surface area"
pTCR_p0_MHC_tot,2.14545648322009e-05,molecule/micrometer^2,"Total number of MHC-p0-TCR complexes of all different activation levels (see Rules)"
k_P1_up,14.4,1/day/cell,"Rate of antigen uptake by APCs (Chen 2014, PMID: 25184733)"
k_xP1_deg,2,1/day,"Rate of extracellular antigen degradation (Palsson 2013, PMID: 24074340)"
k_P1_deg,17.28,1/day,"Rate of endosomal antigen degradation (Chen 2014, PMID: 25184733)"
k_p1_deg,144,1/day,"Rate of endosomal epitope degradation (Chen 2014, PMID: 25184733)"
k_P1_on,144000,1/day/molarity,"Rate of antigen-MHC binding (Agrawal and Linderman 1996, PMID: 8944895)"
k_P1_d1,1e-08,molarity,"Antigen-MHC kd (Stone 2015, PMID: 25618219)"
p1_50,2.64550264550265e-05,molecule/micrometer^2,"calculated based on the number of molecules for half-maximal T cell activation (Kimachi 1997, PMID: 9464819) and synapse surface area"
P1_C1,5.4e-13,mole/cell,"Concentration of P1 in C1 (estimated by 2.7e6 proteins/um^3 in a cancer cell (Milo 2013, PMID: 24114984) * cancer cell volume / Avogadro constant)"
k_M1p1_TCR_on,1,1/(second*molecule/micrometer^2),"Rate of TCR binding to MHC-peptide complex (Lever 2014, PMID: 25145757)"
k_M1p1_TCR_off,1,1/second,"Rate of TCR unbinding from MHC-peptide complex (Lever 2014, PMID: 25145757)"
k_M1p1_TCR_p,1,1/second,"Rate of MHC-peptide-TCR complex modification (Lever 2014, PMID: 25145757)"
phi_M1p1_TCR,0.09,1/second,"Rate of MHC-peptide-TCR complex with maximal modification that leads to non-signaling(Lever 2014, PMID: 25145757)"
N_M1p1_TCR,10,dimensionless,"Number of modifcation steps for MHC-peptide-TCR complex (Lever 2014, PMID: 25145757)"
TCR_p1_tot,103.813080670361,molecule/micrometer^2,"Total number of TCR molecules per naive T cell calculated based on the number of molecules for TCR (Lever 2014, PMID: 25145757) and T cell surface area"
pTCR_p1_MHC_tot,0.00114589791859619,molecule/micrometer^2,"Total number of MHC-p1-TCR complexes of all different activation levels (see Rules)"
q_P_aPD1,8.8e-06,liter/second,"Capillary filtration rate of aPD1 between central and peripheral compartment(Bajaj 2017, PMID: 28019091)"
q_T_aPD1,8.52e-05,milliliter/second,"Capillary filtration rate of aPD1 between central and tumor compartment(Wang 2019, PMID: 31218069)"
q_LN_aPD1,3.25e-06,milliliter/second,"Capillary filtration rate of aPD1 between central and TDLN compartment(Meijer 2017, PMID: 28510992)"
q_LD_aPD1,0.0015,1/minute,"Rate of lymphatic drainage of aPD1 from TDLN to central compartment(Zhu 1996, PMID: 8706023)"
k_cl_aPD1,0.37,liter/day,"Clearance rate of aPD1 from central compartment(Bajaj 2017, PMID: 28019091)"
gamma_C_aPD1,0.61,dimensionless,"Volume fraction of interstitial space available to aPD1 in central compartment(Bajaj 2017, PMID: 28019091)"
gamma_P_aPD1,0.0452,dimensionless,"Volume fraction of interstitial space available to aPD1 in peripheral compartment(Bajaj 2017, PMID: 28019091)"
gamma_T_aPD1,0.522,dimensionless,"Volume fraction of interstitial space available to aPD1 in tumor compartment(Coughlin 2010, PMID: 20125040; Finley 2015, PMID: 26783500)"
gamma_LN_aPD1,0.2,dimensionless,"Volume fraction of interstitial space available to aPD1 in TDLN compartment(Wang 2019, PMID: 31218069)"
q_P_aPDL1,5.56e-06,liter/second,"Capillary filtration rate of aPDL1 between central and peripheral compartment(Baverel 2018, PMID: 29243223)"
q_T_aPDL1,8.52e-05,milliliter/second,"Capillary filtration rate of aPDL1 between central and tumor compartment(Wang 2019, PMID: 31218069)"
q_LN_aPDL1,3.25e-06,milliliter/second,"Capillary filtration rate of aPDL1 between central and TDLN compartment(Meijer 2017, PMID: 28510992)"
q_LD_aPDL1,0.0015,1/minute,"Rate of lymphatic drainage of aPDL1 from TDLN to central compartment(Zhu 1996, PMID: 8706023)"
k_cl_aPDL1,0.33,liter/day,"Clearance rate of aPDL1 from central compartment(Baverel 2018, PMID: 29243223)"
gamma_C_aPDL1,0.7,dimensionless,"Volume fraction of interstitial space available to aPDL1 in central compartment(Baverel 2018, PMID: 29243223)"
gamma_P_aPDL1,0.057,dimensionless,"Volume fraction of interstitial space available to aPDL1 in peripheral compartment(Baverel 2018, PMID: 29243223)"
gamma_T_aPDL1,0.522,dimensionless,"Volume fraction of interstitial space available to aPDL1 in tumor compartment(Coughlin 2010, PMID: 20125040; Finley 2015, PMID: 26783500)"
gamma_LN_aPDL1,0.2,dimensionless,"Volume fraction of interstitial space available to aPDL1 in TDLN compartment(Wang 2019, PMID: 31218069)"
k_cln_aPDL1,5.6,nanomole/day,"Non-linear clearance rate of aPDL1 from central compartment(fitted)"
Kc_aPDL1,1.69,nanomole/liter,"Half-maximal concentration of aPDL1 in central compartment for nonlinear clearance(fitted)"
q_P_aCTLA4,5.331e-06,liter/second,"Capillary filtration rate of aCTLA4 between central and peripheral compartment(Wang 2014, PMID: 24737343)"
q_T_aCTLA4,8.52e-05,milliliter/second,"Capillary filtration rate of aCTLA4 between central and tumor compartment(Wang 2019, PMID: 31218069)"
q_LN_aCTLA4,3.25e-06,milliliter/second,"Capillary filtration rate of aCTLA4 between central and TDLN compartment(Meijer 2017, PMID: 28510992)"
q_LD_aCTLA4,0.0015,1/minute,"Rate of lymphatic drainage of aCTLA4 from TDLN to central compartment(Zhu 1996, PMID: 8706023)"
k_cl_aCTLA4,0.3276,liter/day,"Clearance rate of aCTLA4 from central compartment(Wang 2014, PMID: 24737343)"
gamma_C_aCTLA4,0.794,dimensionless,"Volume fraction of interstitial space available to aCTLA4 in central compartment(Wang 2014, PMID: 24737343)"
gamma_P_aCTLA4,0.062,dimensionless,"Volume fraction of interstitial space available to aCTLA4 in peripheral compartment(Wang 2014, PMID: 24737343)"
gamma_T_aCTLA4,0.522,dimensionless,"Volume fraction of interstitial space available to aCTLA4 in tumor compartment(Coughlin 2010, PMID: 20125040; Finley 2015, PMID: 26783500)"
gamma_LN_aCTLA4,0.2,dimensionless,"Volume fraction of interstitial space available to aCTLA4 in TDLN compartment(Wang 2019, PMID: 31218069)"
kon_PD1_PDL1,0.06,1/(micromolarity*nanometer*second),"kon of PD1-PDL1 binding kon for PD1-PDL1 (Cheng 2013, PMID: 23417675)"
k_out_PDL1,50000,molecule/day,"Expression rate of PDL1 on tumor cells (Mimura 2018, PMID: 29034543)"
k_in_PDL1,1,1/day,"Degradation rate of PDL1 on tumor cells (Hsu 2018, PMID: 30442814)"
r_PDL1_IFNg,6,dimensionless,"Number of folds increase of PDL1 expression by IFNg (Shin 2017, PMID: 27903500)"
kon_PD1_PDL2,0.08,1/(micromolarity*nanometer*second),"kon of PD1-PDL2 binding (Cheng 2013, PMID: 23417675)"
kon_PD1_aPD1,670000,1/(molarity*second),"kon of PD1-aPD1 binding (Wang 2014, PMID: 24872026; Brown 2020, PMID: 32134960)"
kon_PDL1_aPDL1,430000,1/(molarity*second),"kon of PDL1-aPDL1 binding (Wang 2014, PMID: 24872026)"
kon_CD28_CD80,0.133333333333333,1/(micromolarity*nanometer*second),"kon of CD28-CD80 binding (van der Merwe 1997, PMID: 9053440)"
kon_CD28_CD86,0.466666666666667,1/(micromolarity*nanometer*second),"kon of CD28-CD86 binding (Collins 2002, PMID: 12196291)"
kon_CTLA4_CD80,0.333333333333333,1/(micromolarity*nanometer*second),"kon of CTLA4-CD80 binding (van der Merwe 1997, PMID: 9053440)"
kon_CTLA4_CD86,0.666666666666667,1/(micromolarity*nanometer*second),"kon of CTLA4-CD86 binding (Jansson 2005, PMID: 16034096; Collins 2002, PMID: 12196291)"
kon_CD80_PDL1,0.106666666666667,1/(micromolarity*nanometer*second),"kon of CD80-PDL1 binding (Cheng 2014, PMID: 23417675)"
kon_CTLA4_aCTLA4,383000,1/(molarity*second),"kon of CTLA4-aCTLA4 binding (Wang 2014, PMID: 24872026)"
kon_CD80_CD80,0.000196666666666667,1/(micromolarity*nanometer*second),"kon of CD80 self-association (Ikemizu 2000, PMID: 10661405)"
koff_PD1_PDL1,1.476,1/second,"koff of PD1-PDL1 binding calculated based on the measured kd and kon (Cheng 2013, PMID: 23417675)"
koff_PD1_PDL2,0.552,1/second,"koff of PD1-PDL2 binding calculated based on the measured kd and kon (Cheng 2013, PMID: 23417675)"
koff_PD1_aPD1,0.00268,1/second,"koff of PD1-aPD1 binding calculated based on the measured kd and kon (Wang 2014, PMID: 24872026; Brown 2020, PMID: 32134960)"
koff_PDL1_aPDL1,0.000172,1/second,"koff of PDL1-aPDL1 binding calculated based on the measured kd and kon (Wang 2014, PMID: 24872026)"
koff_CD28_CD80,1.6,1/second,"koff of CD28-CD80 binding calculated based on the measured kd and kon (van der Merwe 1997, PMID: 9053440)"
koff_CD28_CD86,28,1/second,"koff of CD28-CD86 binding calculated based on the measured kd and kon (Collins 2002, PMID: 12196291)"
koff_CTLA4_CD80,0.42,1/second,"koff of CTLA4-CD80 binding calculated based on the measured kd and kon (van der Merwe 1997, PMID: 9053440)"
koff_CTLA4_CD86,5.2,1/second,"koff of CTLA4-CD86 binding calculated based on the measured kd and kon (Jansson 2005, PMID: 16034096; Collins 2002, PMID: 12196291)"
koff_CD80_PDL1,6.016,1/second,"koff of CD80-PDL1 binding calculated based on the measured kd and kon (Cheng 2014, PMID: 23417675; Butte 2008, PMID: 18585785)"
koff_CTLA4_aCTLA4,0.0069706,1/second,"koff of CTLA4-aCTLA4 binding calculated based on the measured kd and kon (Wang 2014, PMID: 24872026)"
koff_CD80_CD80,0.01003,1/second,"koff of CD80 self-association calculated based on the measured kd and kon (Ikemizu 2000, PMID: 10661405)"
Chi_PD1_aPD1,33.3333330953227,1/nanometer,"Antibody cross-arm binding efficiency that also includes the conversion of kon from 3D to 2D (estimated based on Wang 2014, PMID: 24872026)"
Chi_PDL1_aPDL1,33.3333330953227,1/nanometer,"Antibody cross-arm binding efficiency that also includes the conversion of kon from 3D to 2D (Wang 2014, PMID: 24872026)"
Chi_CTLA4_aCTLA4,33.3333330953227,1/nanometer,"Antibody cross-arm binding efficiency that also includes the conversion of kon from 3D to 2D (estimated)"
PD1_50,150,molecule/micrometer^2,"PD1/PDL1 concentration for half-maximal T cell inactivation (Jafarnejad 2019, PMID: 31236847)"
n_PD1,2,dimensionless,"Hill coefficient for PD1/PDL1 half-maximal T cell inactivation (estimated)"
CD28_CD8X_50,200,molecule/micrometer^2,"CD28-CD80/CD28-CD86 concentration for half-maximal T cell co-estimulation estimated assuming T cell activation is inhibited by 70% at baseline CTLA-4 expression (Parry 2005, PMID: 16227604)"
n_CD28_CD8X,2,dimensionless,"Hill coefficient for CD28-CD80/CD28-CD86 half-maximal T cell co-estimulation (estimated)"
CD8_PD1_total,27900,molecule,"concentration of PD1 on CD8 cells (Cheng 2014, PMID: 23417675; Mkrtichyan 2012, PMID: 22837483; Gatalica 2014, PMID: 25392179)"
CD8_CD28_total,184000,molecule,"concentration of CD28 on CD8 cells (Jansson 2005, PMID: 16034096)"
CD8_CTLA4_syn,8000,molecule,"concentration of CTLA4 on CD8 cells (Jansson 2005, PMID: 16034096)"
CD8_PDL1_total,83700,molecule,"concentration of PDL1 on CD8 cells (Cheng 2014, PMID: 23417675; Mkrtichyan 2012, PMID: 22837483; Gatalica 2014, PMID: 25392179)"
C1_PDL1_base,120000,molecule,"baseline number of PDL1 molecules per C1 cell (Cheng 2014, PMID: 23417675; Mkrtichyan 2012, PMID: 22837483; Shin 2017, PMID: 27903500; Gatalica 2014, PMID: 25392179)"
r_PDL2C1,0.07,dimensionless,"PDL2/PDL1 molecule ratio on C1cell (Cheng 2014, PMID: 23417675)"
C1_CD80_total,80000,molecule,"number of CD80 molecules per C1 cell (Jansson 2005, PMID: 16034096)"
C1_CD86_total,860000,molecule,"number of CD86 molecules per C1 cell (Jansson 2005, PMID: 16034096)"
syn_CD8_C1_PDL1_total,746.698576937206,molecule/micrometer^2,"concentration of bound and unbound PDL1 molecules "
syn_CD8_C1_PDL2_total,52.2689003856741,molecule/micrometer^2,"concentration of bound and unbound PDL2 molecules "
APC_PDL1_base,120000,molecule,"baseline number of PDL1 molecules per APC cell (Cheng 2014, PMID: 23417675; Mkrtichyan 2012, PMID: 22837483; Shin 2017, PMID: 27903500; Gatalica 2014, PMID: 25392179)"
r_PDL2APC,0.07,dimensionless,"PDL2/PDL1 molecule ratio on APCcell (Cheng 2014, PMID: 23417675)"
APC_CD80_total,80000,molecule,"number of CD80 molecules per APC cell (Jansson 2005, PMID: 16034096)"
APC_CD86_total,860000,molecule,"number of CD86 molecules per APC cell (Jansson 2005, PMID: 16034096)"
syn_CD8_APC_PDL1_total,746.698576937211,molecule/micrometer^2,"concentration of bound and unbound PDL1 molecules "
syn_CD8_APC_PDL2_total,52.2689003850409,molecule/micrometer^2,"concentration of bound and unbound PDL2 molecules "
k_Th_act,10,1/day,"Rate of T helper cell activation (Robertson-Tessi 2012, PMID: 22051568)"
k_Th_Treg,0.022,1/day,"Th differentiation rate to Treg (Robertson-Tessi 2012, PMID: 22051568)"
k_TGFb_Tsec,1.2e-10,nanomole/cell/day,"TGF secretion rate by Treg (Liyanage 2002, PMID: 12193750)"
k_TGFb_deg,14.3,1/day,"TGF degradtion rate (Robertson-Tessi 2012, PMID: 22051568)"
TGFb_50,0.07,nanomolarity,"Half-Maximal TGFb level for Th-to-Treg differentiation / chemoresistance development / M1-to-M2 polarization (Robertson-Tessi 2012, PMID: 22051568)"
TGFb_50_Teff,0.14,nanomolarity,"Half-Maximal TGFb level for CD8 T cell inhibition (Robertson-Tessi 2012, PMID: 22051568)"
Kc_rec,20200000,cell^2,"Half-Maximal cancer cell number for T cell recruitment (Phillis 2006, PMID: 16153659)"
TGFbase,0.016,nanomolarity,"Baseline TGFb level in breast tumor (Ivanović 2003, PMID: 12751375; Manuyakorn 2008, PMID: 19317336; Panis 2013, PMID: 23393376)"
k_IFNg_Thsec,2007380.28566667,1/day,"IFNg secretion rate by T helper cell estimated assuming IFNg secretion is 3 times lower in CD4 than CD8 T cells (Kasahara 1983, PMID: 6403613)"
k_IFNg_deg,7.68,1/day,"IFNg degradation rate (Hofstra 1998, PMID: 9806748)"
IFNg_50_ind,2.96,picomolarity,"Half-Maximal IFNg level for PD-L1 induction (Shin 2017, PMID: 27903500)"
H_TGFb,0.905762263956905,dimensionless,"Hill function of TGFb for Th-to-Treg differentiation / chemoresistance development / M1-to-M2 polarization"
H_TGFb_Teff,0.827756376993777,dimensionless,"Hill function of TGFb for Teff inhibition and chemoresistance development"
N_aTh,12.9289299914678,dimensionless,"Number of Activated T Helper Cell Generations (see Rules)"
k_CCL2_sec,1.7e-12,nanomole/cell/day,"rate of CCL2 secretion (Huang 2007, PMID: 17257744; Dutta 2018, PMID: 29594759)"
k_CCL2_deg,0.06,1/hour,"rate of CCL2 degradation (Tanimoto 2007, PMID: 18089573)"
CCL2_50,0.23,nanomolarity,"Half-maximal CCL2 level of MDSC recruitment (Opalek 2007, PMID: 17888174; Ernst 1994, PMID: 8144933)"
k_MDSC_rec,21000,cell/(milliliter*day),"Rate of MDSC recruitment into the tumor (Diaz-Montero 2009, PMID: 18446337; Huang 2006, PMID: 17257744)"
k_MDSC_death,0.015,1/day,"Rate of MDSC death (Lai 2018, PMID: 29735668)"
k_NO_deg,135,1/day,"rate of NO degradation (Hakim 1996, PMID: 8953625)"
k_ArgI_deg,0.173,1/day,"rate of ArgI degradation (Schimke 1964, PMID: 14257612)"
k_NO_sec,4.8e-07,nanomole/cell/day,"rate of NO secretion from MDSCs (Serafini 2008, PMID: 18593947)"
k_ArgI_sec,1.1e-10,nanomole/cell/day,"rate of ArgI secretion (Rodriguez PC, PMID: 19201693)"
ArgI_50_Teff,0.42,nanomolarity,"rate of ArgI-induced T cell death (Juan J. Miret 2019, PMID: 30728077)"
NO_50_Teff,0.75,nanomolarity,"rate of NO-induced T cell death (Serafini 2008, PMID: 18593947)"
ArgI_50_Treg,0.36,nanomolarity,"Half-maximal ArgI level of Treg expansion (estimated based on Juan J. Miret 2019, PMID: 30728077)"
H_NO,0.785129195038926,dimensionless,"Hill function for NO-mediated inhibition on Teff"
H_ArgI_Teff,0.529532458594048,dimensionless,"Hill function for ariginase I-mediated inhibition on Teff"
H_ArgI_Treg,0.567686466628956,dimensionless,"Hill function for ariginase I-mediated Th-to-Treg transdifferentiation"
H_MDSC,0.529532458594048,dimensionless,"Hill function for overall effect of MDSC-mediated effect on Teff"
k_Mac_rec,175000,cell/(milliliter*day),"Recruitment rate of macrophage into tumor compartment (Yang 2018, PMID: 30026826)"
k_Mac_death,0.02,1/day,"Death rate of macrophages into tumor compartment (Ginhoux 2016, PMID: 26982352)"
k_TGFb_Msec,2e-11,nanomole/cell/day,"Secretion rate of TGFb by macrophage in tumor compartment (Matsuo 2000, PMID: 10652049)"
k_vas_Msec,1.7e-05,picogram/cell/day,"Secretion rate of angiogenic factor by macrophage in tumor compartment (Wu 2010, PMID: 20692534)"
k_IL12_sec,8.5e-12,nanomole/cell/day,"Secretion rate of IL-12 by mAPC in tumor compartment (Heufler 1996, PMID: 8605935)"
k_IL12_Msec,5e-13,nanomole/cell/day,"Secretion rate of IL-12 by macrophage in tumor compartment (Clough 2007, PMID: 17597818; Sica 2000, PMID: 10623821)"
k_IL12_deg,0.0231,1/hour,"Degradation rate of IL-12 in tumor compartment (Carreño 2000, PMID: 10707873)"
k_IL10_sec,3e-12,nanomole/cell/day,"Secretion rate of IL-10 by macrophage in tumor compartment (Autenshlyus 2021, PMID: 34059727)"
k_IL10_deg,4,1/day,"Degradation rate of IL-10 in tumor compartment (Saxena 2015, PMID: 25481648)"
k_M2_pol,0.1,1/day,"Rate of M1 to M2 macrophage polarization (estimated assuming that polarization takes roughly 2-3 days)"
k_M1_pol,0.05,1/day,"Rate of M2 to M1 macrophage polarization (estimated based on the M1/M2 ratio)"
IL10_50,8,picomolarity,"Half-maximal IL10 level for M1 to M2 polarization / maintaining Treg function / mAPC inhibition (*STAT6 related) (Altan-Bonnet 2019, PMID: 30770905)"
IL12_50,0.14,picomolarity,"Half-maximal IL-12 level for M2 to M1 macrophage polarization (Altan-Bonnet 2019, PMID: 30770905)"
IFNg_50,2.9,picomolarity,"Half-maximal IFNg level for M2 to M1 macrophage polarization (Altan-Bonnet 2019, PMID: 30770905)"
k_M1_phago,0.33,1/day,"Rate of M1 macrophage-mediated killing of cancer cell (Pan 2020, PMID: 33365025)"
vol_Mcell,4849.04826081585,micrometer^3/cell,"Volume of a single macrophage cell Volume of a macrophage calculated based on the average macrophage diameter (Krombach 1997, PMID: 9400735)"
kon_CD47_SIRPa,0.0625,1/(micromolarity*minute*nanometer),"kon of CD47-SIRPa binding (Hayes 2020, PMID: 31964705)"
koff_CD47_SIRPa,0.3,1/minute,"koff of CD47-SIRPa binding (Hayes 2020, PMID: 31964705)"
SIRPa_50,37,molecule/micrometer^2,"SIRPa occupancy for half-maximal CD47/SIRPa inhibition on phagocytosis of cancer cells by macrophages (Willingham 2012, PMID: 22451913)"
n_SIRPa,2,dimensionless,"Hill coefficient for CD47/SIRPa inhibition on phagocytosis of cancer cells by macrophages (estimated)"
H_Mac_C,0.878007597667037,dimensionless,"Hill function for overall checkpoint inhibition on phagocytosis of cancer cell by macrophage "
H_PD1_M,0.0034519814314228,dimensionless,"Hill function for PD1-mediated inhibition on phagocytosis of cancer cell by macrophage "
H_SIRPa,0.877585023441028,dimensionless,"Hill function for SIRPa-mediated inhibition on phagocytosis of cancer cell by macrophage "
C_CD47,406,molecule/micrometer^2,"CD47 expression on cancer cells (Morrissey 2020, PMID: 32768386)"
M_PD1_total,12500,molecule,"PD-1 expression on macrophages estimated based on PD-1 expression on T cell (Cheng 2014, PMID: 23417675; Mkrtichyan 2012, PMID: 22837483) and adjusted to fit its inhibitory effect on phagocytosis (Gordon 2017, PMID: 28514441)"
M_SIRPa,100,molecule/micrometer^2,"SIRPa expression on macrophages (Subramanian 2006, PMID: 16291597)"
A_Mcell,1385.4423602331,micrometer^2,"Surface area of the macrophage calculated based on the average macrophage diameter (Krombach 1997, PMID: 9400735)"
IL10_50_phago,270,picomolarity,"Half-maximal IL-10 level for phagocytosis by macrophage (Bian 2016, PMID: 27578867)"
K_Mac_C,2,dimensionless,"Association coefficient for macrophage and cancer cell (estimated)"
M_total,30368524.8381065,cell,"Total number of macrophages "
H_IL10,0.186049239661167,dimensionless,"Hill function for IL10-mediated M2-like macrophage polarization / Treg functionality / inhibition on Ag presentaion "
H_IL10_phago,0.00672704910581474,dimensionless,"Hill function for IL10-mediated inhibition on phagocytosis "
H_IL12,0.946306568228552,dimensionless,"Hill function for IL12 "
k_fib_rec,30,cell/(milliliter*day),"Fitted to 145 +- 9.38 cells/0.785 mm^2 PMID: 19289585"
k_fib_const,30,cell/milliliter,"Fitted to 145 +- 9.38 cells/0.785 mm^2 PMID: 19289585"
k_caf_tran,0.2,1/day,"Fitted to Ma 2022 single cell data"
k_ECM_fib_sec,6e-09,nanomole/cell/day,"See collagen_secretion_rates.md"
k_ECM_CAF_sec,2e-08,nanomole/cell/day,"See collagen_secretion_rates.md"
k_ECM_deg,0.035,1/day,"Hao et al. 10.1073/pnas.1413970111"
ECM_base,200000,nanomolarity,"Hao et al. 10.1073/pnas.1413970111 3.26e-3 (g/cm^3) * (1 mole/3e5 g) * (1e3 cm^3/L) *1e9 (mole/nmole)"
ECM_max,5000000,nanomolarity,"Hao et al. 10.1073/pnas.1413970111 3e-2 (g/cm^3) * /3e5 (g/mole)/1e3 (L/cm^3) *1e9 (mole/nmole)"
ECM_level,169349.107521379,nanomolarity,"initially assigned as ECM base level"
ECM_MW,300000,gram/mole,"(Estimated)"
ECM_density,1.2,gram/milliliter,"(Estimated)"
k_fib_death,0.0165,1/day,"death rate of normal fibroblast in tumor compartment (Hao 2015, PMID: 25225370)"
k_CAF_death,0.0165,1/day,"death rate of CAFs in tumor compartment (Hao 2015, PMID: 25225370)"
ECM_50_T_exh,1000000,nanomolarity,"half maximal concentration of ECM induced T cell exhausion(Fitted to Ma 2022 single cell data Texh fraction of all CD8+ T cell 15%)"
ECM_50_T_mot,500000,nanomolarity,"half maximal concentration of ECM induced reduced Cancer cell killing due to reduced T cell motility(Estimated)"
vol_Fibcell,1600,micrometer^3/cell,"Volume of a normal fibroblast cell https://doi.org/10.1016/B0-12-370879-6"
vol_CAFcell,1600,micrometer^3/cell,"Volume of a CAF cell https://doi.org/10.1016/B0-12-370879-6"
k_GVAX_clearance,0.35,1/day,"GVAX cell clearance rate from injection site"
V_ID_volume,0.0001,liter,"Volume of intradermal injection site (~0.1 mL)"
k_GMCSF_prod,1e-08,nanomolarity/cell/day,"GM-CSF production rate per GVAX cell per day"
k_GMCSF_deg,5.55,1/day,"GM-CSF degradation/clearance rate (half-life ~3 hours)"
k_APC_recruit_ID,10000,cell/day,"APC recruitment rate to intradermal injection site"
EC50_GMCSF,0.01,nanomolarity,"EC50 for GM-CSF-mediated APC recruitment and maturation"
k_APC_mature_ID,1,1/day,"APC maturation rate at injection site"
k_APC_mig_ID_LN,1,1/day,"APC migration rate from injection site to lymph nodes"
k_APC_death_ID,0.1,1/day,"APC death rate at injection site"
k_P1_uptake_ID,1e-09,1/(cell*day),"Antigen uptake rate by APCs at injection site"
EC50_P1_mature,1,nanomolarity,"EC50 for antigen-dependent APC maturation"
K_APC_ID,1000000,cell,""
k_APC_recruit0,100,cell/day,""
k_mAPC_death_ID,0.3,1/day,""
y_Ag_per_cell,1e-12,nanomole/cell,""
k_P1_deg_ID,0.5,1/day,""
K_mig,100000,cell,""
H_GMCSF_ID,0,dimensionless,""
